"id_salarié";"Sexe";"Date_naissance";"Etat Civil";"Congé maternité A-1";"Enfants";"Ancienneté_an";"Distance domicile/Travail";"Service";"Work_accident";"Niveau de satisfaction";"Contrat";"Durée hebdo";"Salaire base mensuel";"%variable_moyen";"Augmentation";"Promotion";"35h"
"16960619-9017";"H";"1984-06-26";"Célibataire";0;0;17,8;56;"Marketing";"Non";34;"CDI";35;9999,3833;27;0;0;9999,3833
"16470418-3807";"H";"1978-07-25";"Célibataire";0;0;13;26;"Compta Finances";"Non";78;"CDI";35;9978,15;34;0;0;9978,15
"16560122-3612";"H";"1984-05-15";"Marié";0;0;22,7;4;"Marketing";"Non";45;"CDI";35;9940,2333;24;0;0;9940,2333
"16550903-3725";"H";"1993-03-27";"0";0;3;10;16;"RH";"Non";58;"CDI";35;9928,1;27;1;1;9928,1
"16990924-2829";"F";"1984-02-18";"Marié";0;3;22,5;69;"Consultant";"Non";60;"CDI";35;9873,5;13;0;0;9873,5
"16600919-9578";"H";"1989-07-16";"Célibataire";0;1;17,2;48;"Commercial";"Oui";40;"CDI";35;9785,5333;28;0;0;9785,5333
"16030220-7121";"F";"1981-01-22";"Célibataire";0;0;6,3;23;"Consultant";"Non";69;"CDI";35;9782,5;38;0;0;9782,5
"16560416-4227";"F";"1983-09-21";"Marié";0;0;10,5;56;"Commercial";"Oui";13;"CDI";35;9777,95;4;1;0;9777,95
"16750821-7945";"H";"1973-01-22";"Marié";0;1;7,4;62;"Consultant";"Non";72;"CDI";35;9737;12;1;1;9737
"16240230-3065";"H";"1970-10-04";"Célibataire";0;0;19;13;"RH";"Non";3;"CDI";35;9642,9667;17;0;0;9642,9667
"16231022-5566";"H";"1983-03-10";"Célibataire";0;2;6,4;68;"RH";"Oui";32;"CDI";35;9635,3833;19;1;0;9635,3833
"16290104-5498";"H";"1977-02-02";"Marié";0;2;7,9;28;"Informatique";"Non";77;"CDI";35;9573,2;5;1;0;9573,2
"16460821-8733";"H";"1977-12-31";"0";0;1;18,7;26;"Commercial";"Oui";48;"CDI";35;9573,2;7;0;0;9573,2
"16330528-4048";"F";"1990-06-04";"0";0;1;13,9;50;"Commercial";"Non";15;"CDI";35;9555;20;1;0;9555
"16110307-6129";"F";"1978-07-19";"0";0;3;13,8;63;"Commercial";"Non";81;"CDI";35;9497,3667;17;1;0;9497,3667
"16310121-8257";"H";"1971-04-23";"0";0;0;14,9;6;"Commercial";"Non";52;"CDI";35;9488,2667;38;1;1;9488,2667
"16721204-5277";"H";"1978-11-03";"Célibataire";0;2;21,1;61;"Consultant";"Non";1;"CDI";35;9447,3167;0;1;0;9447,3167
"16050210-5695";"F";"1973-12-18";"Marié";0;1;23,8;40;"Consultant";"Non";9;"CDI";35;9426,0833;24;1;0;9426,0833
"16691022-5702";"H";"1969-10-23";"Marié";0;1;20,1;12;"Consultant";"Non";25;"CDI";35;9400,3;3;1;0;9400,3
"16810204-2564";"F";"1979-02-26";"0";0;1;9,1;46;"Informatique";"Non";74;"CDI";35;9366,9333;8;1;1;9366,9333
"16410407-6098";"F";"1968-02-03";"Marié";0;1;7,4;5;"Compta Finances";"Non";84;"CDI";35;9256,2167;1;1;0;9256,2167
"16241106-8329";"F";"1982-08-11";"Célibataire";0;1;6,7;20;"Marketing";"Non";69;"CDI";35;9218,3;4;0;0;9218,3
"16081120-1045";"F";"1972-10-17";"Célibataire";0;3;9,1;46;"Consultant";"Non";7;"CDI";35;9162,1833;17;1;0;9162,1833
"16900610-6265";"H";"1966-07-19";"Célibataire";0;3;5,8;44;"Informatique";"Oui";8;"CDI";35;9096,9667;21;0;0;9096,9667
"16850330-5826";"H";"1982-01-31";"Marié";0;2;18,4;64;"Commercial";"Non";11;"CDI";35;9069,6667;1;0;0;9069,6667
"16740413-0572";"H";"1995-06-30";"Marié";0;0;10,7;30;"RH";"Non";1;"CDI";35;9039,3333;20;1;1;9039,333299999998
"16020327-1465";"F";"1981-08-19";"Célibataire";0;3;11,9;65;"RH";"Non";59;"CDI";32;8860,8;19;1;0;9691,5
"16360908-7378";"F";"1992-02-28";"Célibataire";0;3;10,6;18;"Commercial";"Oui";84;"CDI";35;8828,5167;17;0;1;8828,5167
"16100419-9707";"F";"1988-12-23";"Célibataire";0;3;5,2;5;"RH";"Non";62;"CDI";35;8746,6167;19;0;1;8746,6167
"16720627-1632";"H";"1992-02-13";"Marié";0;1;8,3;50;"Informatique";"Non";93;"CDI";35;8716,2833;20;0;0;8716,2833
"16830122-2462";"H";"1969-01-05";"Marié";0;0;15,6;24;"Commercial";"Non";80;"CDI";35;8714,7667;37;1;0;8714,7667
"16111023-3358";"H";"1965-07-27";"Marié";0;3;13,1;19;"Marketing";"Non";89;"CDI";35;8696,5667;34;1;0;8696,5667
"16421204-6850";"H";"1965-02-19";"0";0;3;8,7;60;"Compta Finances";"Non";26;"CDI";35;8696,5667;37;0;0;8696,5667
"16250316-9381";"F";"1981-10-19";"Marié";0;0;15,8;68;"Compta Finances";"Non";25;"CDI";35;8655,6167;26;1;0;8655,6167
"16530329-9431";"F";"1977-08-18";"Célibataire";0;0;19,4;38;"Commercial";"Non";44;"CDI";35;8629,8333;3;0;0;8629,8333
"16590918-0399";"H";"1982-02-10";"Marié";0;2;21,5;55;"RH";"Non";87;"CDI";35;8563,1;7;0;0;8563,1
"16920528-2461";"H";"1987-09-12";"Célibataire";0;2;15,2;31;"Informatique";"Non";35;"CDI";35;8458,45;1;0;0;8458,45
"16400410-2770";"H";"1973-04-04";"Célibataire";0;2;20;57;"Commercial";"Oui";44;"CDI";35;8428,1167;18;1;0;8428,1167
"16560624-9059";"F";"1971-09-23";"0";0;0;11,7;54;"Compta Finances";"Non";96;"CDI";35;8422,05;38;0;1;8422,05
"16560517-2740";"H";"1990-07-07";"0";0;0;6,3;29;"Commercial";"Oui";14;"CDI";35;8337,1167;16;0;1;8337,1167
"16610522-9428";"F";"1986-06-26";"0";0;3;5,2;34;"Compta Finances";"Non";42;"CDI";35;8332,5667;12;0;0;8332,5667
"16020701-3376";"F";"1989-10-09";"Célibataire";0;1;10,2;59;"Compta Finances";"Non";60;"CDI";35;8328,0167;14;1;0;8328,0167
"16710204-1402";"H";"1987-04-28";"Marié";0;0;20,4;55;"RH";"Non";78;"CDI";35;8277,9667;10;0;0;8277,9667
"16910902-6667";"F";"1961-03-03";"Célibataire";0;2;16,3;28;"Compta Finances";"Non";32;"CDI";35;8218,8167;14;0;0;8218,8167
"16030828-8604";"F";"1978-04-29";"0";0;1;18,2;23;"Commercial";"Oui";54;"CDI";35;8126,3;36;1;0;8126,3
"16500419-9062";"F";"1991-10-08";"0";0;1;11,7;68;"RH";"Non";69;"CDI";35;8108,1;38;0;0;8108,099999999999
"16820814-8992";"H";"1976-01-11";"0";0;3;15,7;29;"Compta Finances";"Non";70;"CDI";35;8073,2167;38;1;1;8073,2167
"16451112-4747";"F";"1976-05-14";"0";0;1;21,8;31;"Marketing";"Non";75;"CDI";35;8056,5333;14;0;0;8056,5333
"16760117-3029";"F";"1966-01-26";"0";0;1;10,3;31;"Compta Finances";"Non";32;"CDI";35;8056,5333;13;0;1;8056,5333
"16720410-2094";"F";"1979-04-10";"Célibataire";0;3;10,8;27;"Commercial";"Non";78;"CDI";35;7942,7833;38;1;0;7942,7833
"16610722-2223";"H";"1979-05-03";"Célibataire";0;2;10;21;"Commercial";"Oui";42;"CDI";35;7927,6167;32;1;0;7927,616699999999
"16730908-9915";"F";"1964-02-26";"Marié";0;1;23;3;"Compta Finances";"Oui";65;"CDI";35;7898,8;35;0;0;7898,8
"16100719-6502";"F";"1991-09-27";"Célibataire";0;0;16,5;47;"Compta Finances";"Non";53;"CDI";35;7889,7;27;0;0;7889,7
"16431129-7214";"F";"1979-04-19";"0";0;3;22,2;28;"RH";"Non";63;"CDI";35;7877,5667;36;1;0;7877,566699999999
"16080824-2457";"H";"1981-06-26";"0";0;2;15,2;62;"Compta Finances";"Non";96;"CDI";35;7753,2;21;1;0;7753,199999999999
"16320910-2411";"H";"1971-06-24";"Marié";0;3;14,3;31;"Commercial";"Oui";31;"CDI";35;7713,7667;23;1;0;7713,766700000001
"16420516-7234";"H";"1989-02-15";"Marié";0;2;7,5;70;"RH";"Non";86;"CDI";35;7710,7333;27;0;0;7710,7333
"16311229-8504";"F";"1980-10-04";"Marié";0;0;17,3;69;"RH";"Non";47;"CDI";35;7687,9833;9;0;0;7687,9833
"16770513-2772";"F";"1983-12-05";"Marié";0;3;3,8;30;"Consultant";"Non";77;"CDI";35;7672,8167;37;1;1;7672,8167
"16370212-9440";"H";"1982-11-04";"Marié";0;3;23,3;60;"Informatique";"Non";54;"CDI";35;7654,6167;5;1;0;7654,6167
"16021124-8356";"F";"1974-10-06";"0";0;1;8,6;34;"RH";"Non";84;"CDI";35;7637,9333;21;1;0;7637,9333
"16290605-1228";"H";"1988-09-09";"Marié";0;3;13,8;68;"Marketing";"Non";59;"CDI";35;7637,9333;27;0;0;7637,9333
"16181114-4680";"F";"1982-10-16";"0";0;0;12,5;53;"Compta Finances";"Non";55;"CDI";35;7601,5333;19;1;1;7601,5333
"16500514-6310";"F";"1983-04-13";"Marié";0;0;21,9;55;"Commercial";"Non";77;"CDI";35;7496,8833;6;1;0;7496,8833
"16840316-2442";"F";"1965-08-10";"0";0;1;6;67;"Compta Finances";"Non";70;"CDI";35;7377,0667;17;1;0;7377,0667
"16090824-7661";"H";"1995-02-06";"Célibataire";0;2;9,9;48;"Marketing";"Non";17;"CDI";28;7358,8667;31;1;0;9198,583374999998
"16940414-0312";"F";"1987-01-19";"0";0;3;20,2;53;"Consultant";"Non";24;"CDI";35;7308,8167;12;0;0;7308,816699999999
"16020725-8401";"F";"1987-04-26";"Marié";0;0;7,9;59;"Consultant";"Non";34;"CDI";35;7304,2667;17;1;0;7304,2667
"16581203-8213";"H";"1975-06-19";"Marié";0;2;9,2;65;"Consultant";"Non";5;"CDI";28;7269,08;7;1;1;9086,35
"16900402-0286";"H";"1968-01-26";"Célibataire";0;2;15,6;65;"Marketing";"Non";64;"CDI";35;7264,8333;31;0;0;7264,8333
"16640715-7632";"H";"1970-11-22";"Marié";0;3;12,7;16;"RH";"Non";84;"CDI";35;7263,3167;30;1;1;7263,3167
"16281009-4371";"H";"1964-07-17";"0";0;2;5,5;67;"Compta Finances";"Non";66;"CDI";35;7185,9667;7;1;0;7185,9667
"16080130-8107";"H";"1982-05-13";"0";0;0;24,1;28;"Marketing";"Non";54;"CDI";35;7184,45;37;1;1;7184,449999999999
"16711027-7246";"H";"1991-10-17";"Célibataire";0;2;6,5;68;"Consultant";"Non";89;"CDI";35;7178,3833;38;1;0;7178,3833
"16831218-0485";"F";"1986-10-18";"Célibataire";0;0;3,7;26;"RH";"Non";6;"CDI";35;7157,15;3;0;0;7157,15
"16100329-5753";"F";"1989-07-20";"0";1;1;7,9;27;"RH";"Oui";42;"CDI";35;7148,05;21;1;0;7148,050000000001
"16571101-6617";"H";"1976-02-26";"Célibataire";0;1;23,2;29;"Commercial";"Oui";39;"CDI";35;7098;1;1;0;7098
"16931009-2151";"H";"1971-04-19";"Marié";0;0;20;8;"Informatique";"Non";31;"CDI";35;7081,3167;26;0;0;7081,316699999999
"16230105-6343";"H";"1973-03-21";"Marié";0;0;19,1;50;"Consultant";"Non";99;"CDI";35;6973,6333;31;0;1;6973,633300000001
"16621028-8244";"F";"1989-10-22";"Marié";0;3;17,3;45;"Commercial";"Non";21;"CDI";35;6902,35;17;0;1;6902,35
"16800116-6613";"H";"1967-11-30";"Célibataire";0;1;23,9;37;"Marketing";"Non";1;"CDI";24;6842,16;21;1;0;9978,15
"16140409-8707";"F";"1993-09-19";"Célibataire";1;3;3;6;"Commercial";"Oui";41;"CDI";35;6838,65;5;1;0;6838,65
"16551001-4151";"F";"1978-11-03";"Marié";0;2;24,3;35;"Commercial";"Non";47;"CDI";35;6818,9333;14;1;0;6818,9333
"16341225-2086";"F";"1982-09-22";"Marié";0;3;22,7;59;"Compta Finances";"Non";6;"CDI";32;6743,36;4;0;0;7375,549999999999
"16430518-1481";"F";"1965-07-05";"Célibataire";0;1;20,2;65;"Consultant";"Oui";63;"CDI";35;6591,4333;19;0;0;6591,4333
"16000206-8278";"F";"1966-12-07";"0";0;2;12,6;59;"Marketing";"Non";67;"CDI";35;6583,85;13;1;0;6583,85
"16560730-2626";"H";"1965-12-14";"0";0;1;22,8;67;"Informatique";"Non";4;"CDI";35;6526,2167;36;0;1;6526,2167
"16170926-3188";"H";"1985-04-24";"0";0;0;6;12;"Informatique";"Oui";30;"CDI";35;6494,3667;1;0;0;6494,3667
"16300713-6405";"F";"1980-04-04";"0";0;3;7,2;59;"Consultant";"Non";72;"CDI";35;6413,9833;24;1;0;6413,9833
"16640209-4004";"H";"1971-05-31";"0";0;2;7,1;38;"Consultant";"Non";80;"CDI";35;6409,4333;21;0;0;6409,4333
"16220428-5924";"H";"1976-01-15";"0";0;0;7;29;"Consultant";"Non";68;"CDI";35;6398,8167;11;1;0;6398,816699999999
"16770921-1705";"F";"1990-02-02";"Marié";0;1;4,2;40;"Informatique";"Non";4;"CDI";35;6356,35;26;1;0;6356,35
"16660325-6006";"F";"1966-11-15";"0";0;1;9,7;28;"Consultant";"Non";39;"CDI";35;6301,75;34;0;0;6301,75
"16141213-3603";"F";"1979-05-20";"Marié";0;2;4,6;51;"Commercial";"Non";3;"CDI";35;6212,2667;5;1;0;6212,2667
"16920917-6040";"H";"1978-03-23";"Célibataire";0;1;13,1;27;"Commercial";"Non";56;"CDI";35;6195,5833;23;0;1;6195,5833
"16341230-0471";"H";"1975-12-06";"0";0;2;23,3;48;"Informatique";"Non";57;"CDI";24;6178,64;17;0;0;9010,516666666666
"16731208-8904";"H";"1995-05-23";"Célibataire";0;0;9,7;30;"RH";"Non";29;"CDI";35;6175,8667;38;0;0;6175,8667
"16050619-6252";"F";"1976-11-19";"Célibataire";0;2;23,9;70;"Commercial";"Non";38;"CDI";35;6163,7333;16;1;1;6163,733299999999
"16170310-5534";"F";"1975-05-17";"Marié";0;3;14,3;65;"Compta Finances";"Non";94;"CDI";35;6127,3333;0;1;1;6127,3333
"16491209-6288";"H";"1986-11-01";"0";0;0;20,5;45;"Commercial";"Oui";7;"CDI";35;6121,2667;32;0;0;6121,266700000001
"16220127-8625";"H";"1981-07-02";"Célibataire";0;2;16,9;65;"Consultant";"Non";36;"CDI";35;6043,9167;3;1;0;6043,9167
"16200506-8370";"H";"1979-10-08";"Célibataire";0;2;19,2;35;"Commercial";"Oui";74;"CDI";35;6031,7833;39;1;0;6031,7833
"16880121-1056";"H";"1977-10-23";"Marié";0;1;22,8;38;"Marketing";"Oui";70;"CDI";35;6002,9667;2;1;0;6002,9667
"16661123-8764";"H";"1978-09-22";"Célibataire";0;3;24,9;62;"Commercial";"Non";17;"CDI";35;5984,7667;6;0;0;5984,7667
"16671208-2624";"F";"1974-11-27";"0";0;0;8,2;65;"Marketing";"Non";1;"CDI";24;5951,92;32;1;0;8679,883333333333
"16111130-1717";"H";"1992-09-10";"0";0;3;16,2;69;"Commercial";"Non";41;"CDI";35;5949,8833;17;1;0;5949,883300000001
"16510216-5973";"H";"1981-09-24";"Marié";0;3;5,9;23;"Marketing";"Non";37;"CDI";35;5930,1667;33;0;0;5930,1667
"16931211-0175";"F";"1973-02-04";"0";0;3;22,4;64;"Commercial";"Non";15;"CDI";24;5895,76;23;1;0;8597,983333333334
"16400120-2136";"H";"1986-03-24";"0";0;1;5,8;61;"Consultant";"Non";94;"CDI";35;5810,35;36;1;0;5810,35
"16340716-8222";"H";"1987-04-28";"Marié";0;3;21,1;22;"Commercial";"Non";15;"CDI";35;5805,8;37;0;0;5805,8
"16101212-2048";"H";"1971-02-15";"Marié";0;0;13,8;51;"Commercial";"Non";19;"CDI";35;5749,6833;17;0;0;5749,6833
"16130305-6954";"F";"1971-09-02";"0";0;1;24,7;30;"Consultant";"Non";51;"CDI";35;5739,0667;6;1;1;5739,0667
"16100424-1459";"H";"1989-07-15";"Célibataire";0;3;18,6;49;"Compta Finances";"Non";100;"CDI";24;5724,16;15;1;0;8347,733333333334
"16710920-7451";"F";"1998-08-14";"Marié";0;1;15,7;48;"Consultant";"Non";50;"CDI";35;5585,8833;17;1;0;5585,8833
"16750302-5590";"F";"1985-11-13";"0";0;1;23,9;47;"Commercial";"Oui";86;"CDI";35;5581,3333;20;1;1;5581,3333
"16940521-7028";"F";"1963-04-07";"0";0;2;5,9;70;"RH";"Non";7;"CDI";35;5522,1833;9;1;0;5522,1833
"16920713-6616";"H";"1979-08-12";"Marié";0;1;23,3;9;"Marketing";"Non";81;"CDI";35;5517,6333;23;1;1;5517,6333
"16960628-0338";"H";"1976-11-07";"0";0;0;10,5;6;"Commercial";"Non";47;"CDI";35;5464,55;34;0;0;5464,55
"16950828-2259";"H";"1993-08-09";"Célibataire";0;2;7,5;60;"Marketing";"Non";25;"CDI";24;5462,08;39;0;0;7965,533333333334
"16400510-0542";"H";"1973-01-09";"Célibataire";0;3;19;7;"Consultant";"Non";8;"CDI";35;5455,45;7;0;0;5455,45
"16761028-0344";"H";"1971-11-12";"0";0;3;7,3;9;"Consultant";"Non";51;"CDI";24;5448,56;30;0;0;7945,816666666667
"16910826-9763";"F";"1979-12-09";"Célibataire";0;1;8,4;17;"Consultant";"Non";51;"CDI";35;5388,7167;30;1;0;5388,7167
"16850430-6617";"H";"1964-06-19";"0";0;1;15,7;45;"RH";"Non";80;"CDI";35;5359,9;4;1;0;5359,9
"16050721-8014";"F";"1960-07-03";"Marié";0;3;18,6;16;"RH";"Non";30;"CDI";35;5293,1667;39;0;0;5293,1667
"16260415-5834";"H";"1974-09-07";"0";0;0;4,2;39;"Informatique";"Non";32;"CDI";35;5212,7833;11;0;0;5212,7833
"16450910-7050";"F";"1976-03-07";"Célibataire";0;3;9,8;22;"RH";"Non";77;"CDI";35;5106,6167;10;0;0;5106,6167
"16420625-3827";"H";"1982-02-08";"Marié";0;0;9,3;35;"Consultant";"Non";62;"CDI";28;5097,2133;10;1;0;6371,516625000001
"16031007-1667";"F";"1982-10-06";"0";0;0;23,1;49;"Commercial";"Non";31;"CDI";35;5092,9667;11;1;0;5092,9667
"16270818-3112";"F";"1971-10-25";"Marié";0;0;4,4;43;"RH";"Non";20;"CDI";35;5076,2833;33;0;0;5076,2833
"16320923-9437";"F";"1971-05-28";"Célibataire";0;0;15,1;34;"RH";"Non";55;"CDI";35;5067,1833;39;1;0;5067,1833
"16741025-9738";"F";"1992-03-19";"0";1;2;16,2;66;"RH";"Non";46;"CDI";35;5056,5667;24;1;0;5056,5667
"16390301-2403";"H";"1968-11-25";"Marié";0;3;24;55;"RH";"Non";95;"CDI";35;5035,3333;24;0;0;5035,3333
"16590417-5196";"H";"1975-02-27";"0";0;0;22,2;37;"Compta Finances";"Non";52;"CDI";35;4988,3167;8;0;0;4988,3167
"16011205-0331";"F";"1965-04-23";"Célibataire";0;2;11,8;31;"Commercial";"Oui";66;"CDI";24;4974,32;32;0;0;7254,216666666666
"16340806-9395";"F";"1973-01-04";"Marié";0;0;9,9;45;"Commercial";"Non";1;"CDI";24;4882,8;17;1;0;7120,750000000001
"16520121-8566";"F";"1988-06-05";"Marié";0;0;20,6;64;"RH";"Non";11;"CDI";24;4851,6;14;0;0;7075,25
"16620809-2681";"H";"1994-01-27";"0";0;0;5,6;7;"Consultant";"Non";33;"CDI";24;4795,44;19;0;1;6993,349999999999
"16370717-6461";"F";"1985-12-14";"Marié";0;2;10,8;44;"Marketing";"Non";73;"CDI";35;4763,85;7;1;0;4763,85
"16661124-0695";"F";"1984-11-16";"Célibataire";0;0;12;66;"Consultant";"Non";46;"CDI";35;4712,2833;26;1;0;4712,2833
"16520612-7770";"F";"1968-12-18";"Célibataire";0;2;24,4;39;"Informatique";"Oui";32;"CDI";35;4663,75;5;0;0;4663,75
"16461115-9486";"H";"1985-10-12";"Marié";0;1;10,2;35;"Marketing";"Non";92;"CDI";35;4624,3167;15;0;0;4624,3167
"16490707-4639";"F";"1976-05-04";"Célibataire";0;1;16,2;55;"Marketing";"Oui";51;"CDI";35;4563,65;38;1;0;4563,65
"16820517-1112";"F";"1980-12-02";"0";0;1;17,4;42;"Consultant";"Non";90;"CDI";35;4516,6333;34;1;0;4516,6333
"16810725-6144";"H";"1973-07-14";"Marié";0;1;5,8;59;"RH";"Non";46;"CDI";35;4499,95;22;1;0;4499,95
"16440228-5151";"H";"1974-01-22";"Marié";0;3;2,9;3;"Consultant";"Non";2;"CDI";35;4449,9;33;1;0;4449,9
"16550904-2932";"F";"1977-05-14";"Célibataire";0;3;24,2;58;"Marketing";"Non";29;"CDI";35;4424,1167;30;0;0;4424,1167
"16600811-0956";"H";"1973-02-12";"Célibataire";0;3;14,2;8;"Compta Finances";"Non";28;"CDI";35;4421,0833;6;1;1;4421,0833
"16990414-3527";"H";"1963-07-01";"Célibataire";0;0;10,8;32;"Consultant";"Non";39;"CDI";35;4296,7167;39;0;0;4296,7167
"16460313-0032";"F";"1963-02-10";"Marié";0;0;12,6;33;"Consultant";"Non";82;"CDI";35;4289,1333;12;0;1;4289,1333
"16431030-6354";"H";"1988-06-13";"Marié";0;3;8,3;63;"Consultant";"Non";50;"CDI";35;4281,55;13;1;0;4281,55
"16540514-9153";"H";"1971-03-30";"Célibataire";0;0;15,7;69;"Compta Finances";"Non";48;"CDI";35;4263,35;31;0;0;4263,35
"16310403-3810";"F";"1974-09-07";"Célibataire";0;0;9,3;57;"Compta Finances";"Non";4;"CDI";35;4204,2;39;1;0;4204,2
"16360616-0509";"F";"1992-08-10";"0";0;2;4,8;33;"Compta Finances";"Non";14;"CDI";35;4198,1333;34;1;0;4198,1333
"16320710-7636";"H";"1968-03-26";"Marié";0;2;22,6;43;"Informatique";"Non";41;"CDI";24;4165,2;12;0;0;6074,249999999999
"16910501-3081";"F";"1976-08-18";"Marié";0;0;15,8;46;"Commercial";"Oui";60;"CDI";35;4152,6333;7;1;0;4152,6333
"16431025-4026";"H";"1985-06-23";"Célibataire";0;0;22,8;62;"Consultant";"Non";34;"CDI";35;4134,4333;22;0;0;4134,4333
"16050407-7405";"F";"1964-03-21";"Marié";0;1;6,7;7;"RH";"Non";35;"CDI";24;4117,36;8;1;0;6004,483333333333
"16601210-4086";"F";"1981-11-16";"Marié";0;1;22,3;37;"Marketing";"Non";74;"CDI";35;4082,8667;28;0;0;4082,8666999999996
"16400112-6921";"H";"1968-03-14";"Marié";0;1;15,6;36;"Marketing";"Non";37;"CDI";35;4022,2;14;0;0;4022,2000000000003
"16230523-1322";"F";"1988-11-04";"0";0;0;8,1;59;"Compta Finances";"Non";93;"CDI";35;4013,1;12;0;0;4013,1
"16220420-6227";"H";"1983-02-05";"0";0;0;24,2;62;"Consultant";"Non";60;"CDI";35;4000,9667;40;1;0;4000,9667
"16241218-7045";"H";"1967-07-15";"0";0;2;7,2;28;"Consultant";"Non";13;"CDI";35;3891,7667;32;0;0;3891,7667
"16411102-7886";"H";"1993-03-18";"Marié";0;1;11,8;46;"RH";"Non";49;"CDI";35;3882,6667;1;0;1;3882,6667
"16230718-4297";"F";"1973-03-01";"Marié";0;1;24,8;44;"Compta Finances";"Non";47;"CDI";24;3853,2;9;1;1;5619,249999999999
"16410421-3634";"F";"1970-02-15";"Célibataire";0;3;14,9;13;"RH";"Non";99;"CDI";35;3835,65;26;0;0;3835,65
"16620606-6349";"H";"1982-03-13";"0";0;1;20,4;9;"RH";"Non";39;"CDI";35;3803,8;30;0;0;3803,8
"16360125-5924";"F";"1967-04-02";"Marié";0;3;24,7;53;"Commercial";"Non";61;"CDI";35;3800,7667;9;1;1;3800,7667
"16390127-6224";"F";"1973-10-25";"0";0;1;23,9;52;"RH";"Non";29;"CDI";35;3797,7333;24;0;0;3797,7333
"16981206-3817";"F";"1978-01-19";"0";0;1;13;68;"RH";"Oui";62;"CDI";35;3705,2167;29;1;0;3705,2167
"16451016-1336";"H";"1985-07-06";"Marié";0;2;0,3;42;"Marketing";"Non";25;"CDD";35;3693,0833;24;0;0;3693,0833
"16560125-0110";"H";"1987-02-23";"Marié";0;1;22,6;47;"Commercial";"Non";95;"CDI";35;3677,9167;33;0;1;3677,9167
"16301226-6122";"H";"1960-12-07";"0";0;1;19,3;41;"Marketing";"Non";69;"CDI";35;3655,1667;33;0;0;3655,1667
"16690714-7836";"F";"1979-03-25";"0";0;1;1,1;9;"Marketing";"Non";96;"CDD";35;3640;6;0;0;3640
"16680515-6269";"F";"1985-06-19";"0";0;2;16,8;60;"Marketing";"Non";38;"CDI";35;3597,5333;32;1;0;3597,5333
"16781122-5775";"H";"1978-04-22";"Marié";0;2;22,4;48;"Marketing";"Non";81;"CDI";35;3582,3667;30;1;0;3582,3667
"16620412-8323";"F";"1997-11-16";"Célibataire";1;2;11,7;43;"Consultant";"Non";1;"CDI";35;3547,4833;39;1;0;3547,4833
"16861012-1389";"H";"1976-06-26";"Célibataire";0;2;24;60;"RH";"Non";92;"CDI";35;3508,05;11;0;1;3508,05
"16891006-1830";"H";"1994-05-08";"Célibataire";0;2;3,1;13;"RH";"Non";65;"CDI";35;3486,8167;19;0;0;3486,8167
"16700930-1784";"H";"1984-08-04";"0";0;0;20,6;13;"Marketing";"Oui";99;"CDI";35;3462,55;3;1;0;3462,55
"16090206-9129";"F";"1969-09-02";"Célibataire";0;1;10,3;38;"Consultant";"Non";25;"CDI";35;3459,5167;30;0;0;3459,5167
"16100606-3398";"H";"1988-06-12";"Marié";0;0;10,3;11;"Compta Finances";"Non";44;"CDI";35;3436,7667;27;1;0;3436,7667
"16820319-6442";"H";"1976-12-16";"Célibataire";0;2;17,2;11;"Compta Finances";"Non";56;"CDI";35;3383,6833;23;0;0;3383,6833
"16670406-9274";"H";"1970-09-30";"Marié";0;3;7,5;6;"RH";"Non";90;"CDI";35;3335,15;28;1;0;3335,15
"16440819-3466";"F";"1989-02-25";"Marié";0;1;17;28;"Commercial";"Non";42;"CDI";35;3260,8333;30;1;0;3260,8333
"16430903-4405";"F";"1971-03-08";"Marié";0;3;8,8;13;"Marketing";"Non";25;"CDI";35;3256,2833;34;0;0;3256,2833
"16860412-1965";"H";"1983-10-18";"Marié";0;1;24,4;8;"Consultant";"Non";36;"CDI";35;3232,0167;35;0;0;3232,0167
"16650614-4689";"F";"1974-11-02";"Marié";0;3;19,3;23;"RH";"Non";23;"CDI";35;3218,3667;27;1;0;3218,3667
"16670913-0147";"F";"1998-05-20";"Célibataire";0;1;0,8;8;"Compta Finances";"Non";45;"CDD";35;3201,6833;38;;0;3201,6833
"16790704-0179";"F";"1979-12-31";"Marié";0;3;1,7;60;"Commercial";"Non";58;"CDD";35;3185;3;0;0;3185
"16810820-7468";"F";"1979-08-30";"Marié";0;3;1,4;42;"Consultant";"Non";18;"CDD";35;3168,3167;10;0;0;3168,3167
"16890313-1335";"F";"1966-10-22";"Marié";0;2;6,8;18;"Commercial";"Oui";67;"CDI";35;3165,2833;0;0;0;3165,2833
"16951117-9468";"F";"1963-08-01";"0";0;3;8,2;43;"RH";"Non";48;"CDI";24;3116,88;37;0;0;4545,45
"16920105-1209";"F";"1961-07-07";"Célibataire";0;1;25;58;"Consultant";"Non";19;"CDI";35;3097,0333;13;0;0;3097,0333
"16090608-0239";"F";"1974-03-03";"Marié";0;2;19,5;30;"RH";"Non";73;"CDI";24;3060,72;6;0;0;4463,549999999999
"16770802-4604";"F";"1964-03-17";"Marié";0;2;0,4;17;"Consultant";"Non";24;"CDD";35;3033,3333;8;0;0;3033,3333
"16170623-3887";"F";"1970-06-29";"Célibataire";0;2;16,2;19;"RH";"Non";15;"CDI";35;3012,1;19;1;0;3012,1
"16870824-4853";"H";"1995-07-01";"Célibataire";0;3;8,2;13;"Marketing";"Non";22;"CDI";35;2998,45;21;1;0;2998,4500000000003
"16660922-3489";"F";"1970-07-12";"Marié";0;1;5,3;30;"Commercial";"Oui";97;"CDI";35;2928,6833;33;1;1;2928,6833
"16211102-1297";"H";"1977-09-13";"Célibataire";0;0;21,2;44;"Consultant";"Non";89;"CDI";35;2918,0667;39;1;0;2918,0667
"16611004-8219";"F";"1986-04-11";"Célibataire";0;2;10,2;42;"Commercial";"Non";98;"CDI";35;2916,55;35;1;0;2916,5499999999997
"16640301-8754";"F";"1968-08-22";"Célibataire";0;2;4,2;65;"Marketing";"Non";40;"CDI";35;2912;35;0;1;2912
"16740208-0084";"F";"1972-01-26";"Célibataire";0;1;1,9;15;"Commercial";"Non";76;"CDD";35;2881,6667;27;0;0;2881,6667
"16960906-7989";"H";"1991-03-04";"0";0;0;3,3;15;"Informatique";"Oui";81;"CDD";35;2848,3;15;1;0;2848,3
"16600521-9024";"H";"1977-09-09";"Marié";0;1;12,5;11;"Consultant";"Non";69;"CDI";35;2843,75;2;0;0;2843,75
"16160206-9161";"H";"1960-01-16";"Célibataire";0;3;6,2;61;"Consultant";"Non";24;"CDI";35;2834,65;15;1;0;2834,6500000000005
"16350127-5733";"H";"1974-03-22";"Célibataire";0;3;24,2;9;"Commercial";"Non";86;"CDI";35;2828,5833;21;0;0;2828,5833
"16080411-7877";"H";"1970-03-13";"Célibataire";0;3;13,3;17;"Consultant";"Non";9;"CDI";28;2813,72;8;1;0;3517,1499999999996
"16560103-9174";"H";"1967-10-15";"0";0;1;23,5;14;"Consultant";"Non";66;"CDI";35;2777,0167;10;1;0;2777,0167
"16950514-2464";"H";"1987-03-09";"0";0;2;18,9;69;"Compta Finances";"Oui";89;"CDI";35;2769,4333;33;0;0;2769,4333
"16891013-6921";"H";"1959-07-16";"0";0;3;9,2;44;"RH";"Non";88;"CDI";35;2767,9167;6;1;0;2767,9167
"16381004-1917";"H";"1968-08-09";"Célibataire";0;0;21,2;49;"RH";"Non";47;"CDI";24;2735,2;27;0;0;3988,833333333333
"16720411-0782";"F";"1976-08-10";"Marié";0;2;16,2;21;"Consultant";"Non";3;"CDI";35;2731,5167;4;1;0;2731,5167
"16181212-5860";"H";"1971-03-04";"0";0;0;3,4;42;"Consultant";"Non";60;"CDI";35;2675,4;20;1;0;2675,4
"16060812-9664";"H";"1964-07-02";"Marié";0;0;20,5;61;"Compta Finances";"Non";70;"CDI";35;2604,1167;32;1;0;2604,1166999999996
"16190724-3065";"H";"1989-06-19";"Marié";0;0;17,4;41;"Consultant";"Non";68;"CDI";35;2561,65;13;0;0;2561,65
"16301213-1524";"H";"1987-03-27";"Marié";0;2;1,8;59;"Consultant";"Oui";59;"CDD";35;2558,6167;22;0;0;2558,6167
"16700908-2889";"H";"1987-01-06";"Marié";0;2;9,2;21;"Commercial";"Oui";79;"CDI";35;2511,6;21;0;0;2511,5999999999995
"16181217-7101";"F";"1977-11-06";"0";0;2;16,2;47;"RH";"Non";98;"CDI";24;2507,44;18;1;1;3656,6833333333334
"16891203-4397";"F";"1975-10-08";"Célibataire";0;0;1,3;43;"Consultant";"Oui";6;"CDD";32;2496;21;0;0;2730
"16730918-6273";"F";"1975-01-03";"Marié";0;1;0,6;14;"Marketing";"Oui";70;"CDD";35;2426,6667;21;0;0;2426,6667
"16721116-8286";"H";"1976-08-03";"Marié";0;2;21,6;14;"Commercial";"Oui";62;"CDI";35;2396,3333;11;0;0;2396,3333
"16710125-5136";"F";"1989-07-27";"0";0;1;12,8;20;"Commercial";"Non";52;"CDI";35;2369,0333;20;0;0;2369,0333
"16441109-5385";"H";"1974-11-28";"Célibataire";0;1;1,2;12;"Consultant";"Non";100;"CDD";32;2357,3333;12;0;0;2578,3332968749996
"16240920-3425";"F";"1972-05-15";"Célibataire";0;3;8,2;3;"Commercial";"Non";63;"CDI";35;2309,8833;23;0;0;2309,8833
"16091122-3147";"F";"1992-03-03";"0";0;3;1,1;14;"Consultant";"Non";81;"CDD";35;2226,4667;2;0;0;2226,4667
"16920219-1855";"F";"1978-08-15";"Célibataire";0;3;3,2;15;"Consultant";"Non";60;"CDI";35;2132,4333;18;1;1;2132,4333
"16540728-0337";"F";"1967-12-26";"0";0;1;1,8;6;"Compta Finances";"Non";84;"CDD";35;2123,3333;39;0;0;2123,3333
"16460901-9957";"F";"1976-08-05";"Marié";0;0;13,7;34;"Compta Finances";"Oui";40;"CDI";35;2079,35;7;1;1;2079,35
"16421009-6154";"F";"1982-03-20";"Célibataire";0;2;21,1;5;"Consultant";"Non";59;"CDI";35;2073,2833;28;0;0;2073,2833
"16330117-4748";"F";"1966-07-26";"0";0;1;3,8;53;"Commercial";"Non";58;"CDI";35;2070,25;34;0;0;2070,25
"16820822-2953";"F";"1999-01-30";"0";1;2;9,3;45;"Consultant";"Non";95;"CDI";35;2070,25;24;1;0;2070,25
"16460901-5575";"H";"1964-09-14";"0";0;2;13,2;44;"Consultant";"Non";37;"CDI";24;2055,04;12;0;0;2996,9333333333334
"16891227-4985";"F";"1995-04-23";"Célibataire";0;0;5,3;60;"Compta Finances";"Non";12;"CDI";35;2052,05;13;;0;2052,05
"16290714-4014";"F";"1988-05-14";"Célibataire";0;1;6,6;58;"Consultant";"Non";92;"CDI";35;2027,7833;19;0;0;2027,7833
"16221207-5101";"H";"1979-04-21";"Célibataire";0;0;14,2;4;"Consultant";"Non";42;"CDI";35;2024,75;4;1;0;2024,75
"16360827-6352";"F";"1997-05-06";"0";1;1;3,5;61;"Compta Finances";"Non";44;"CDI";35;2008,0667;35;1;0;2008,0667
"16810711-6330";"H";"1988-11-25";"0";0;0;1,4;67;"Marketing";"Non";19;"CDD";35;1989,8667;5;0;0;1989,8667
"16350925-6446";"H";"1984-09-11";"Célibataire";0;2;5,5;46;"Compta Finances";"Non";31;"CDI";35;1979,25;6;1;0;1979,25
"16081104-1011";"F";"1993-07-22";"Marié";1;3;1,1;31;"Compta Finances";"Non";18;"CDD";35;1920,1;17;1;0;1920,1
"16910810-9712";"H";"1977-02-18";"0";0;1;12,2;28;"Consultant";"Non";45;"CDI";35;1873,0833;27;0;0;1873,0833
"16810230-7785";"F";"1991-05-28";"Célibataire";1;3;2,5;55;"Marketing";"Non";67;"CDI";35;1863,9833;12;1;0;1863,9833
"16851208-5567";"H";"1980-03-31";"Célibataire";0;0;23,7;38;"Consultant";"Non";15;"CDI";28;1851,5467;19;0;0;2314,433375
"16760706-4982";"H";"1987-10-06";"0";0;1;19;3;"Compta Finances";"Non";15;"CDI";35;1835,1667;6;0;0;1835,1667
"16780226-1060";"H";"1970-02-08";"Marié";0;3;8,2;25;"Compta Finances";"Non";17;"CDI";35;1833,65;8;0;1;1833,65
"16640904-2246";"H";"1992-10-29";"Célibataire";0;3;4,4;67;"Consultant";"Non";81;"CDI";35;1803,3167;8;1;0;1803,3167000000003
"16681012-6406";"F";"1976-03-31";"0";0;2;5,5;43;"Consultant";"Non";47;"CDI";35;1774,5;16;1;0;1774,5
"16630411-0916";"H";"1973-11-19";"0";0;3;16,4;23;"Compta Finances";"Non";44;"CDI";35;1772,9833;20;1;1;1772,9833
"16890714-6248";"H";"1974-10-12";"Marié";0;0;10,3;11;"Consultant";"Non";87;"CDI";24;1709,76;10;1;1;2493,3999999999996
"16300407-2348";"F";"1977-08-28";"0";0;3;5,7;24;"Consultant";"Non";87;"CDI";35;1703,2167;39;1;0;1703,2167
"16970415-1050";"H";"1971-10-25";"Marié";0;3;21,7;59;"Consultant";"Non";98;"CDI";35;1697,15;17;1;0;1697,15
"16580220-7323";"H";"1997-04-05";"Marié";0;0;12,4;41;"Marketing";"Non";32;"CDI";35;1669,85;22;1;0;1669,8500000000001
"16820525-6301";"H";"1984-07-20";"0";0;0;17,1;43;"Consultant";"Non";69;"CDI";35;1651,65;18;0;0;1651,65
"16260907-1895";"F";"1991-12-16";"Marié";0;1;14;44;"Marketing";"Non";40;"CDI";35;1598,5667;18;0;1;1598,5667
"16021125-4271";"H";"1979-02-20";"Célibataire";0;2;14,9;36;"Commercial";"Non";62;"CDI";35;1590,9833;30;1;1;1590,9833
"16761104-5282";"H";"1974-12-09";"0";0;0;6,3;17;"Consultant";"Non";30;"CDI";24;1110,72;14;1;0;1619,8
"16610809-8713";"F";"1990-02-10";"Marié";0;1;11,9;16;"Compta Finances";"Non";68;"CDI";24;1059,76;1;0;1;1545,4833333333333
